pre-miRNA.miRNA	Control mean, GSE36971	Log2(fold change), GSE36971	Adjusted p-value, GSE36971	Control mean, GSE90624	Log2(fold change), GSE90624	Adjusted p-value, GSE90624
mmu-mir-21a.mmu-miR-21a-3p	814.4559844982119	3.0522678594310997	3.8582734673157e-35	437.918294873656	3.4586535908894698	5.77079057245436e-11
mmu-mir-21a.mmu-miR-21a-5p	575511.983346073	1.4696074344478203	3.8427633072354e-09	71363.0987027315	1.6774835443321499	0.00175979752970745
mmu-mir-147.mmu-miR-147-3p	30.456256436786102	3.00516494679712	0.00014410234934322	9.757045709459051	2.59322169751813	0.0465144833595307
mmu-mir-5099.mmu-miR-5099	701.805178819856	1.1872021311961698	0.0152569163202794	379.194918352154	2.29874787680142	0.000113709812969116
mmu-mir-223.mmu-miR-223-5p	80.6467315492884	2.6872356230563397	6.6521330394234205e-09	270.124010830578	2.5806252801440897	6.62653913017044e-06
